Year_Month,Country,Trade.Value
2019-01,Angola,5625726157
2019-02,Angola,1952027701
2019-03,Angola,1839538718
2019-04,Angola,1843590468
2019-05,Angola,2220356535
2019-06,Angola,2225848183
2019-07,Angola,2294066182
2019-08,Angola,2189869857
2019-09,Angola,7467014406
2019-04,Antigua and Barbuda,184386642
2019-05,Antigua and Barbuda,218014114
2019-06,Antigua and Barbuda,171674351
2019-07,Antigua and Barbuda,199631782
2019-08,Antigua and Barbuda,180629364
2019-09,Antigua and Barbuda,205367030
2019-10,Antigua and Barbuda,236163536
2019-11,Antigua and Barbuda,195116808
2019-12,Antigua and Barbuda,265203992
2019-01,Argentina,8423613559
2019-02,Argentina,7995874842
2019-03,Argentina,7912625410
2019-04,Argentina,8344563215
2019-05,Argentina,9289577391
2019-06,Argentina,8342783560
2019-07,Argentina,9810595632
2019-08,Argentina,8800188312
2019-09,Argentina,13760967235
2019-10,Argentina,8247565374
2019-11,Argentina,6824105563
2019-12,Argentina,6269692863
2019-01,Armenia,2538563952
2019-02,Armenia,3247845837
2019-03,Armenia,3533676489
2019-04,Armenia,3509498527
2019-05,Armenia,3393757970
2019-06,Armenia,3626889697
2019-07,Armenia,3854263182
2019-08,Armenia,3512092123
2019-09,Armenia,5671750234
2019-10,Armenia,4718675847
2019-11,Armenia,4500883978
2019-12,Armenia,5170532098
2019-01,Aruba,202010281
2019-02,Aruba,195100398
2019-03,Aruba,180863023
2019-01,Australia,27058260062
2019-02,Australia,34579148366
2019-03,Australia,35263701723
2019-04,Australia,18434131662
2019-05,Australia,19243345761
2019-06,Australia,34058505826
2019-07,Australia,38100591520
2019-08,Australia,36334661419
2019-09,Australia,81693612692
2019-10,Australia,40599365096
2020-01,Australia,75618084622
2019-01,Azerbaijan,8161873094
2019-02,Azerbaijan,9235530974
2019-03,Azerbaijan,7864349463
2019-04,Azerbaijan,11572696360
2019-05,Azerbaijan,10417962908
2019-07,Azerbaijan,11500772616
2019-08,Azerbaijan,7811691232
2019-09,Azerbaijan,9547035896
2019-10,Azerbaijan,4427042960
2019-11,Azerbaijan,3822381028
2019-12,Azerbaijan,5275882786
2020-01,Azerbaijan,11495625543
2020-02,Azerbaijan,9207738494
2019-01,Barbados,208018888
2019-02,Barbados,207961986
2019-03,Barbados,218154566
2019-04,Barbados,201478641
2019-06,Barbados,205978079
2020-02,Barbados,216265306
2020-03,Barbados,209386037
2019-01,Belarus,5199308800
2019-02,Belarus,5806771200
2019-03,Belarus,6488173000
2019-04,Belarus,7116997800
2019-05,Belarus,6225097600
2019-06,Belarus,6149154800
2019-11,Belarus,6744917600
2019-12,Belarus,8181332200
2019-01,Belgium,37293729358
2019-02,Belgium,35023135587
2019-03,Belgium,38177578114
2019-04,Belgium,37726126659
2019-05,Belgium,37961326283
2019-06,Belgium,35417679521
2019-07,Belgium,34994372891
2019-08,Belgium,31529114348
2019-09,Belgium,70821128042
2019-10,Belgium,35314462089
2019-11,Belgium,34199281999
2019-12,Belgium,32685892853
2020-01,Belgium,73502305589
2020-02,Belgium,68856467642
2019-01,Belize,402942842
2019-02,Belize,342931044
2019-03,Belize,346031638
2019-04,Belize,392225894
2019-05,Belize,412914405
2019-08,Belize,430142233
2019-09,Belize,458727768
2019-10,Belize,434670635
2019-11,Belize,445355787
2019-12,Belize,387723936
2019-01,Bolivia (Plurinational State of),6276045708
2019-02,Bolivia (Plurinational State of),5805173626
2019-03,Bolivia (Plurinational State of),2682266879
2019-01,Bosnia Herzegovina,8587789288
2019-02,Bosnia Herzegovina,10379926451
2019-03,Bosnia Herzegovina,11899997928
2019-04,Bosnia Herzegovina,11677629155
2019-05,Bosnia Herzegovina,12023217903
2019-06,Bosnia Herzegovina,10792197769
2019-07,Bosnia Herzegovina,11661269733
2019-08,Bosnia Herzegovina,10176970839
2019-09,Bosnia Herzegovina,13569947098
2019-10,Bosnia Herzegovina,11337639197
2019-11,Bosnia Herzegovina,10634416354
2019-12,Bosnia Herzegovina,10275265850
2019-01,Botswana,1796292295
2019-02,Botswana,1845849590
2019-03,Botswana,2291704641
2019-04,Botswana,2242942870
2019-05,Botswana,2349268197
2019-06,Botswana,1966089419
2019-07,Botswana,1656768464
2019-08,Botswana,1696604208
2019-09,Botswana,2542467900
2019-10,Botswana,1533054046
2019-11,Botswana,2210174542
2019-12,Botswana,2243044479
2019-03,Brazil,26258975574
2019-01,Bulgaria,23578814459
2019-02,Bulgaria,24510185036
2019-03,Bulgaria,24658705559
2019-04,Bulgaria,22939634020
2019-05,Bulgaria,23730238508
2019-06,Bulgaria,21710996986
2019-07,Bulgaria,25636110425
2019-08,Bulgaria,21304002210
2019-09,Bulgaria,32619979850
2019-01,Cabo Verde,70962999
2019-02,Cabo Verde,59318000
2019-01,Canada,3.51229E+11
2019-02,Canada,3.39601E+11
2019-03,Canada,3.92111E+11
2019-04,Canada,3.79262E+11
2019-05,Canada,3.97909E+11
2019-06,Canada,3.75508E+11
2019-07,Canada,3.73331E+11
2019-08,Canada,3.79937E+11
2019-09,Canada,4.47824E+11
2019-10,Canada,3.92743E+11
2019-11,Canada,3.63311E+11
2020-01,Canada,5.62474E+11
2020-02,Canada,4.02644E+11
2019-01,Chile,6002357642
2019-02,Chile,5606062936
2019-03,Chile,5868682847
2019-04,Chile,5671866736
2019-05,Chile,6372170812
2019-06,Chile,5236000914
2019-07,Chile,6192663003
2019-08,Chile,6187065817
2019-09,Chile,10744608781
2019-10,Chile,5906078580
2019-11,Chile,5510741180
2019-12,Chile,5527338295
2020-01,Chile,12575050101
2019-01,"China, Hong Kong SAR",47266889465
2019-02,"China, Hong Kong SAR",36150775389
2019-04,"China, Hong Kong SAR",47456184085
2019-05,"China, Hong Kong SAR",49970661107
2019-06,"China, Hong Kong SAR",47411875491
2019-07,"China, Hong Kong SAR",48826492296
2019-08,"China, Hong Kong SAR",49613437309
2019-09,"China, Hong Kong SAR",95480744102
2019-10,"China, Hong Kong SAR",49110164936
2019-11,"China, Hong Kong SAR",50214852264
2019-12,"China, Hong Kong SAR",50573926208
2020-01,"China, Hong Kong SAR",77233577598
2020-02,"China, Hong Kong SAR",68464924515
2019-01,"China, Macao SAR",2056865441
2019-02,"China, Macao SAR",1516544153
2019-03,"China, Macao SAR",2001371486
2019-04,"China, Macao SAR",1768269646
2019-05,"China, Macao SAR",1844095270
2019-06,"China, Macao SAR",1743922217
2019-07,"China, Macao SAR",1897363821
2019-08,"China, Macao SAR",1868480687
2019-09,"China, Macao SAR",2056974876
2019-10,"China, Macao SAR",2682479748
2019-11,"China, Macao SAR",2660799078
2020-02,"China, Macao SAR",1360127890
2019-01,Comoros,34631615
2019-02,Comoros,29006168
2019-03,Comoros,33203880
2019-04,Comoros,33003541
2019-05,Comoros,40976297
2019-06,Comoros,27701250
2019-07,Comoros,31491126
2019-08,Comoros,35617432
2019-09,Comoros,33375218
2019-10,Comoros,47924542
2019-11,Comoros,34451122
2019-12,Comoros,29143835
2019-01,Congo,326620552
2019-02,Congo,302367777
2019-03,Congo,285323686
2019-04,Congo,328380700
2019-05,Congo,539591472
2019-06,Congo,395554915
2019-07,Congo,391971529
2019-08,Congo,315218460
2019-09,Congo,542668901
2019-10,Congo,349596938
2019-11,Congo,476078613
2019-12,Congo,457798445
2019-01,Croatia,2140108145
2019-02,Croatia,2267645159
2019-03,Croatia,2559585940
2019-04,Croatia,2576467610
2019-05,Croatia,2662776815
2019-06,Croatia,2127748556
2019-07,Croatia,2667363817
2019-08,Croatia,2011947460
2019-09,Croatia,3726962351
2019-10,Croatia,2384587372
2019-01,Cyprus,8198682635
2019-02,Cyprus,5914458045
2019-03,Cyprus,6268536194
2019-04,Cyprus,6799184818
2019-05,Cyprus,7719239110
2019-06,Cyprus,8194766691
2019-07,Cyprus,7785417263
2019-08,Cyprus,6295591742
2019-09,Cyprus,10201372902
2019-10,Cyprus,8296016941
2019-11,Cyprus,7895289662
2019-12,Cyprus,8403482738
2019-01,Czechia,59893058448
2019-02,Czechia,56121396048
2019-03,Czechia,59287037908
2019-04,Czechia,59230712004
2019-05,Czechia,59358129352
2019-06,Czechia,55758241496
2019-07,Czechia,57767343204
2019-08,Czechia,53430653492
2019-09,Czechia,93789633370
2019-10,Czechia,65370282376
2019-11,Czechia,62335826648
2019-12,Czechia,52752891896
2020-01,Czechia,92542720578
2020-02,Czechia,84947631138
2019-01,Denmark,8504827048
2019-02,Denmark,7884060128
2019-03,Denmark,8408855315
2019-04,Denmark,7679869538
2019-05,Denmark,8269433455
2019-06,Denmark,7939123914
2019-07,Denmark,7940934405
2019-08,Denmark,8065113186
2019-09,Denmark,17215747077
2019-10,Denmark,8680390748
2019-11,Denmark,8081974412
2019-12,Denmark,7500547186
2020-01,Denmark,17798743515
2020-02,Denmark,16215369494
2020-03,Denmark,16867046614
2019-01,Ecuador,15927542718
2019-02,Ecuador,13704032576
2019-03,Ecuador,14632562486
2019-04,Ecuador,15969660556
2019-05,Ecuador,16752562628
2019-06,Ecuador,14355603394
2019-07,Ecuador,15694286186
2019-08,Ecuador,15322629034
2019-09,Ecuador,14180090360
2019-10,Ecuador,15993398280
2019-11,Ecuador,13931245536
2020-01,Ecuador,22716247346
2020-02,Ecuador,19669730362
2019-01,Egypt,18057202184
2019-02,Egypt,18506045434
2019-03,Egypt,19802181750
2019-04,Egypt,19551627782
2019-05,Egypt,19149084553
2019-06,Egypt,17074016954
2019-07,Egypt,19716126528
2019-08,Egypt,16171250988
2019-09,Egypt,17756380145
2019-10,Egypt,18274739773
2019-11,Egypt,16789600670
2019-12,Egypt,17510947763
2020-01,Egypt,7862401583
2019-01,El Salvador,967456704
2019-02,El Salvador,900227462
2019-03,El Salvador,1037227975
2019-04,El Salvador,983019022
2019-05,El Salvador,1123575662
2019-06,El Salvador,964208165
2019-07,El Salvador,1075124984
2019-08,El Salvador,1018723885
2019-09,El Salvador,1408252372
2019-10,El Salvador,1085114564
2019-11,El Salvador,1018684762
2019-12,El Salvador,902339857
2020-01,El Salvador,1511976347
2020-02,El Salvador,1426767387
2020-03,El Salvador,1347955569
2020-04,El Salvador,887793626
2019-01,Estonia,11908807183
2019-02,Estonia,12016694061
2019-03,Estonia,13301336835
2019-04,Estonia,13160887504
2019-05,Estonia,13388227478
2019-06,Estonia,12049710724
2019-07,Estonia,12507703938
2019-08,Estonia,11394821572
2019-09,Estonia,23362245248
2019-10,Estonia,13363017021
2019-11,Estonia,12090714446
2020-01,Estonia,21395476055
2020-02,Estonia,21065002953
2020-03,Estonia,23913444813
2019-01,Eswatini,292392419
2019-02,Eswatini,283145802
2019-03,Eswatini,275009854
2019-05,Eswatini,311848986
2019-06,Eswatini,291201175
2019-07,Eswatini,330821430
2019-08,Eswatini,312562970
2019-09,Eswatini,296232368
2019-10,Eswatini,332738360
2019-11,Eswatini,363210171
2019-12,Eswatini,291557977
2020-01,Finland,22089213391
2019-01,Georgia,3339833403
2019-02,Georgia,3653837694
2019-03,Georgia,4307537068
2019-04,Georgia,4208554201
2019-05,Georgia,4390821544
2019-06,Georgia,4013010832
2019-07,Georgia,4383310731
2019-08,Georgia,4287363358
2019-09,Georgia,4239459041
2019-10,Georgia,4677770368
2019-11,Georgia,4514437781
2019-12,Georgia,5269590154
2020-01,Georgia,3616755780
2020-02,Georgia,3851572891
2020-03,Georgia,3627412106
2019-01,Germany,8.64722E+11
2019-02,Germany,8.30066E+11
2019-03,Germany,8.69374E+11
2019-04,Germany,8.31687E+11
2019-05,Germany,8.4953E+11
2019-06,Germany,8.19628E+11
2019-07,Germany,8.51855E+11
2019-08,Germany,7.68089E+11
2019-09,Germany,1.84297E+12
2019-10,Germany,8.88574E+11
2019-11,Germany,8.5368E+11
2019-12,Germany,7.49736E+11
2019-01,Ghana,1253368678
2019-02,Ghana,985157551
2019-03,Ghana,966630983
2019-04,Ghana,724244132
2019-05,Ghana,842562532
2019-06,Ghana,738346145
2019-07,Ghana,816895453
2019-08,Ghana,1066940808
2019-09,Ghana,1824450093
2019-10,Ghana,1111847938
2019-01,Greece,10551396670
2019-02,Greece,9369397353
2019-03,Greece,10725485649
2019-04,Greece,10327683702
2019-05,Greece,11811681250
2019-06,Greece,9808487676
2019-07,Greece,11391067480
2019-08,Greece,9210737808
2019-09,Greece,16797468945
2019-10,Greece,10832903274
2019-11,Greece,9640357542
2019-12,Greece,9915581853
2020-01,Greece,16821012992
2020-02,Greece,15236071250
2020-03,Greece,14994616062
2019-01,Guatemala,1682935041
2019-02,Guatemala,1459240126
2019-03,Guatemala,1624843424
2019-04,Guatemala,1621407488
2019-05,Guatemala,1773660819
2019-06,Guatemala,1524176578
2019-07,Guatemala,1703483290
2019-08,Guatemala,1736737978
2019-09,Guatemala,2474989056
2019-10,Guatemala,1868106284
2019-11,Guatemala,1752762402
2019-12,Guatemala,1544925343
2019-01,Guyana,2622696590
2019-04,Guyana,1760018663
2019-05,Guyana,2650217360
2019-01,Hungary,39220298688
2019-02,Hungary,37678490736
2019-03,Hungary,41028606976
2019-04,Hungary,39282787296
2019-05,Hungary,39747775416
2019-06,Hungary,37447656724
2019-07,Hungary,39753187012
2019-08,Hungary,35630365044
2019-09,Hungary,83134163152
2019-10,Hungary,42903351460
2019-11,Hungary,40052502832
2019-01,Iceland,469778403
2019-02,Iceland,537704735
2019-03,Iceland,548829084
2019-04,Iceland,581941517
2019-05,Iceland,570768213
2019-06,Iceland,632967824
2019-07,Iceland,611037696
2019-08,Iceland,499846378
2019-09,Iceland,995909090
2019-10,Iceland,552186114
2019-11,Iceland,487602531
2020-01,Iceland,858012930
2020-02,Iceland,795997800
2020-03,Iceland,998489894
2019-01,India,41080686910
2019-02,India,36273394063
2019-03,India,43690411533
2019-05,India,45352273686
2019-06,India,40327721642
2019-07,India,39754086738
2019-08,India,40852585850
2019-09,India,37341071067
2019-10,India,37392147430
2019-12,India,38580136947
2019-01,Ireland,8672969516
2019-02,Ireland,7382667297
2019-03,Ireland,8607142277
2019-04,Ireland,8511416693
2019-05,Ireland,8106681087
2019-06,Ireland,8324231081
2019-07,Ireland,8180657400
2019-08,Ireland,7223841182
2019-09,Ireland,21767885946
2019-10,Ireland,9506940762
2019-11,Ireland,7414898579
2019-12,Ireland,9230477885
2020-01,Ireland,24265991915
2019-01,Israel,6595476000
2019-02,Israel,6194227000
2019-03,Israel,7031655000
2019-04,Israel,6304229000
2019-05,Israel,5965706000
2019-06,Israel,6234650000
2019-07,Israel,7327520000
2019-08,Israel,6156264000
2019-09,Israel,10413008000
2019-10,Israel,6206673000
2019-11,Israel,5742150000
2019-12,Israel,7201940000
2020-01,Israel,11090012000
2019-01,Italy,1.19882E+11
2019-03,Italy,1.28666E+11
2019-04,Italy,1.2157E+11
2019-05,Italy,1.33343E+11
2019-06,Italy,1.23635E+11
2019-07,Italy,1.34109E+11
2019-08,Italy,92282333550
2019-09,Italy,1.67146E+11
2019-10,Italy,1.34402E+11
2019-11,Italy,1.22364E+11
2019-12,Italy,1.13554E+11
2020-01,Italy,1.61087E+11
2020-02,Italy,1.6164E+11
2019-01,Japan,64196844519
2019-02,Japan,54857048175
2019-03,Japan,60062844220
2019-04,Japan,59154561026
2019-05,Japan,61950913197
2019-06,Japan,55510320363
2019-07,Japan,63706986214
2019-08,Japan,59158527508
2019-09,Japan,1.19693E+11
2019-10,Japan,60710442290
2019-11,Japan,59438492330
2019-12,Japan,61668082391
2020-01,Japan,1.10713E+11
2020-02,Japan,1.04878E+11
2019-01,Kazakhstan,2275654723
2019-02,Kazakhstan,2195787473
2019-03,Kazakhstan,2631188630
2019-04,Kazakhstan,3224114642
2019-05,Kazakhstan,3590902236
2019-06,Kazakhstan,3347141370
2019-07,Kazakhstan,3902046742
2019-08,Kazakhstan,3719449491
2019-09,Kazakhstan,8627634581
2019-10,Kazakhstan,3759806558
2019-11,Kazakhstan,2983135269
2019-12,Kazakhstan,3323811591
2019-01,Kyrgyzstan,727513240
2019-02,Kyrgyzstan,567569966
2019-03,Kyrgyzstan,894304838
2019-04,Kyrgyzstan,861006476
2019-05,Kyrgyzstan,762554124
2019-07,Kyrgyzstan,817140790
2019-08,Kyrgyzstan,827677280
2019-11,Kyrgyzstan,827288224
2019-12,Kyrgyzstan,835514424
2019-01,Latvia,5249064666
2019-02,Latvia,5131577133
2019-03,Latvia,6244914699
2019-04,Latvia,6087483174
2019-05,Latvia,6475973843
2019-06,Latvia,5481248963
2019-07,Latvia,6276451245
2019-08,Latvia,5754445765
2019-09,Latvia,10944053483
2019-10,Latvia,6070504313
2019-11,Latvia,5621091593
2019-12,Latvia,6149684457
2020-02,Latvia,9671603180
2019-01,Lithuania,2733017569
2019-02,Lithuania,2859227560
2019-03,Lithuania,3039981747
2019-04,Lithuania,2998121412
2019-05,Lithuania,3291695264
2019-06,Lithuania,2805902414
2019-07,Lithuania,3206741029
2019-08,Lithuania,2916176917
2019-09,Lithuania,5701349638
2019-10,Lithuania,3153734367
2019-11,Lithuania,2940017413
2019-12,Lithuania,2788859296
2020-01,Lithuania,5074833324
2020-02,Lithuania,5171393312
2020-03,Lithuania,5621779783
2019-01,Luxembourg,39210532901
2019-02,Luxembourg,39639539768
2019-03,Luxembourg,42840758871
2019-04,Luxembourg,42328132559
2019-05,Luxembourg,41111237640
2019-06,Luxembourg,39005856683
2019-07,Luxembourg,39721516938
2019-08,Luxembourg,33979895227
2019-09,Luxembourg,47853141613
2019-10,Luxembourg,40401312116
2019-11,Luxembourg,39974427624
2019-12,Luxembourg,38417465529
2019-01,Madagascar,4065885024
2019-02,Madagascar,1513048324
2019-03,Madagascar,2453998104
2020-01,Madagascar,1028408914
2020-02,Madagascar,1139888248
2019-01,Malaysia,35901037452
2019-01,Malta,4330566085
2019-02,Malta,5653029055
2019-03,Malta,9453375105
2019-04,Malta,4501313993
2019-05,Malta,4921217059
2019-06,Malta,6540013263
2019-07,Malta,6478460090
2019-08,Malta,6091654274
2019-09,Malta,5708004240
2019-10,Malta,6042763945
2019-11,Malta,4544696030
2019-12,Malta,4138455308
2019-02,Mauritius,1627622495
2019-04,Mauritius,910514375
2019-05,Mauritius,1050076089
2019-06,Mauritius,801851970
2019-07,Mauritius,1954651088
2019-08,Mauritius,1861609231
2019-09,Mauritius,2317897542
2019-10,Mauritius,1851611376
2019-11,Mauritius,1960595025
2019-12,Mauritius,1984589656
2019-01,Mexico,3.55033E+11
2019-02,Mexico,3.6504E+11
2019-04,Mexico,3.9529E+11
2019-05,Mexico,4.21847E+11
2019-06,Mexico,3.7466E+11
2019-07,Mexico,4.06668E+11
2019-08,Mexico,5.01751E+11
2019-09,Mexico,3.80887E+11
2019-10,Mexico,4.23264E+11
2020-01,Mexico,3.53571E+11
2020-02,Mexico,3.61577E+11
2019-01,Mongolia,3233172665
2019-02,Mongolia,2304302600
2019-03,Mongolia,3148640469
2019-01,Montenegro,1175966323
2019-02,Montenegro,815973876
2019-03,Montenegro,973140644
2019-04,Montenegro,1084676237
2019-07,Montenegro,2329756945
2019-08,Montenegro,2018832483
2019-11,Montenegro,1817809244
2019-12,Montenegro,1228958651
2019-01,New Zealand,6487319008
2019-02,New Zealand,6469673224
2019-03,New Zealand,7045180345
2019-04,New Zealand,7048949521
2019-05,New Zealand,7301124919
2019-06,New Zealand,6270423114
2019-07,New Zealand,7064587554
2019-08,New Zealand,6183677788
2019-09,New Zealand,6461021786
2019-10,New Zealand,7029608433
2019-11,New Zealand,7183617475
2019-12,New Zealand,6951645542
2020-01,New Zealand,9604627539
2020-02,New Zealand,9068211136
2020-03,New Zealand,10147595312
2019-01,North Macedonia,1300739920
2019-02,North Macedonia,1542613115
2019-03,North Macedonia,1673693588
2019-05,North Macedonia,1601901309
2019-06,North Macedonia,1397399720
2019-07,North Macedonia,1680377203
2019-08,North Macedonia,1479375357
2019-09,North Macedonia,1438732393
2019-10,North Macedonia,1694648994
2019-11,North Macedonia,1660630424
2019-12,North Macedonia,1760016656
2020-01,North Macedonia,2326880509
2020-02,North Macedonia,2704849328
2020-03,North Macedonia,2307003471
2019-01,Pakistan,10985758203
2019-02,Pakistan,10185226045
2019-03,Pakistan,10220374988
2019-04,Pakistan,11531016356
2019-05,Pakistan,12108639076
2019-06,Pakistan,10370144703
2019-07,Pakistan,9291798147
2019-08,Pakistan,9286904314
2019-09,Pakistan,9338442862
2019-10,Pakistan,10152732711
2019-11,Pakistan,9874307454
2019-12,Pakistan,10048301184
2020-01,Pakistan,12214858627
2019-01,Palau,12774881
2019-02,Palau,10884104
2019-03,Palau,14735172
2019-01,Paraguay,1982131580
2019-02,Paraguay,1930870886
2019-03,Paraguay,1889879566
2019-04,Paraguay,2024120644
2019-05,Paraguay,1962582922
2019-06,Paraguay,1718765442
2019-07,Paraguay,2387938228
2019-08,Paraguay,2254250522
2019-09,Paraguay,2180186606
2019-10,Paraguay,2251230992
2019-11,Paraguay,2193233858
2020-01,Paraguay,2669448964
2020-02,Paraguay,2543467730
2020-03,Paraguay,2386144166
2019-01,Peru,7189743923
2019-02,Peru,6637936513
2019-01,Philippines,14980283983
2019-02,Philippines,13618442783
2019-03,Philippines,15414892998
2019-04,Philippines,15022436469
2019-05,Philippines,16104355776
2019-07,Philippines,10063431233
2019-08,Philippines,9347621641
2019-09,Philippines,9434249061
2019-10,Philippines,10045986812
2019-11,Philippines,9395017926
2019-12,Philippines,8602031721
2020-01,Philippines,15662501147
2020-02,Philippines,12903390787
2019-01,Poland,20490373788
2019-02,Poland,20877682653
2019-03,Poland,21301313272
2019-04,Poland,42614614330
2019-05,Poland,21923010861
2019-06,Poland,38725101889
2019-07,Poland,41905813682
2019-08,Poland,19356938065
2019-09,Poland,42062178426
2019-10,Poland,22427465841
2019-11,Poland,21044197722
2019-12,Poland,35677854232
2020-01,Poland,43564742065
2020-02,Poland,43340477556
2019-01,Portugal,31281221050
2019-02,Portugal,28352386445
2019-03,Portugal,31276603496
2019-04,Portugal,30524955121
2019-05,Portugal,32358067007
2019-06,Portugal,29912959682
2019-07,Portugal,32514808775
2019-08,Portugal,24227356754
2019-09,Portugal,29601108548
2019-10,Portugal,32140218190
2019-11,Portugal,30679019478
2019-12,Portugal,26746922575
2020-01,Portugal,52645033948
2020-02,Portugal,49575040291
2019-01,Qatar,15965722617
2019-02,Qatar,14733270703
2019-01,Rep. of Korea,45148524065
2019-02,Rep. of Korea,36648431733
2019-03,Rep. of Korea,41985407627
2019-04,Rep. of Korea,45041913324
2019-05,Rep. of Korea,43614368909
2019-06,Rep. of Korea,40098449778
2019-07,Rep. of Korea,43756753462
2019-08,Rep. of Korea,42450356392
2019-09,Rep. of Korea,83357476292
2019-10,Rep. of Korea,41384207939
2019-11,Rep. of Korea,40720787916
2019-12,Rep. of Korea,43684751294
2019-01,Rep. of Moldova,4854229624
2019-02,Rep. of Moldova,5604979520
2019-03,Rep. of Moldova,6324255800
2019-04,Rep. of Moldova,5847682168
2019-05,Rep. of Moldova,5536735968
2019-06,Rep. of Moldova,5181743792
2019-07,Rep. of Moldova,5752181880
2019-08,Rep. of Moldova,5360941960
2019-09,Rep. of Moldova,5924429880
2019-01,Romania,15486734076
2019-02,Romania,16002494429
2019-03,Romania,16806986651
2019-04,Romania,15613209843
2019-05,Romania,17393999503
2019-06,Romania,15075827005
2019-07,Romania,17110953551
2019-08,Romania,14162553416
2019-09,Romania,16080988958
2019-10,Romania,18339047418
2019-11,Romania,16572218819
2019-12,Romania,14642260060
2020-01,Romania,28217557173
2019-01,Russian Federation,17284965565
2019-02,Russian Federation,17761663242
2019-03,Russian Federation,20313636938
2019-04,Russian Federation,20969780083
2019-01,Sao Tome and Principe,81098567
2019-01,Senegal,1234396111
2019-02,Senegal,1367749983
2019-03,Senegal,1149573120
2019-04,Senegal,1306009582
2019-05,Senegal,1588705886
2019-06,Senegal,1147670690
2019-07,Senegal,1771552591
2019-08,Senegal,1215845832
2019-09,Senegal,1248380813
2019-10,Senegal,1437130200
2019-11,Senegal,1315206342
2019-12,Senegal,1507934195
2020-01,Senegal,2428327744
2019-01,Serbia,15314305352
2019-02,Serbia,16540458256
2019-03,Serbia,18666069040
2019-04,Serbia,10016476332
2019-05,Serbia,18652264840
2019-06,Serbia,16979711488
2019-07,Serbia,19615721432
2019-08,Serbia,15881575744
2019-09,Serbia,16638087032
2019-10,Serbia,18956747520
2019-11,Serbia,18524564464
2019-12,Serbia,20350865400
2020-01,Serbia,22084249408
2020-02,Serbia,24422969264
2020-03,Serbia,24904450904
2019-01,Seychelles,1209213223
2019-02,Seychelles,534276296
2019-03,Seychelles,774561024
2019-04,Seychelles,255504999
2019-05,Seychelles,581027812
2019-06,Seychelles,465310638
2019-07,Seychelles,580150394
2019-08,Seychelles,438142371
2019-09,Seychelles,457421321
2019-10,Seychelles,486692129
2019-11,Seychelles,934603383
2019-12,Seychelles,583148467
2019-01,Singapore,30638152817
2019-02,Singapore,26657284841
2019-03,Singapore,29793281078
2019-05,Singapore,31106424920
2019-06,Singapore,28599135330
2019-07,Singapore,30879471588
2019-08,Singapore,29601576436
2019-09,Singapore,28605704091
2019-01,Slovakia,6.20104E+11
2019-02,Slovakia,59475304027
2019-03,Slovakia,65126520199
2019-05,Slovakia,63054232666
2019-06,Slovakia,57819399510
2019-07,Slovakia,56168809185
2019-08,Slovakia,55324564680
2019-09,Slovakia,64199916492
2019-10,Slovakia,70126004530
2019-11,Slovakia,65902940148
2019-01,Slovenia,24080127492
2019-02,Slovenia,23591870090
2019-03,Slovenia,25904561478
2019-05,Slovenia,25497124210
2019-06,Slovenia,24309057589
2019-07,Slovenia,27540568327
2019-08,Slovenia,20696591284
2019-09,Slovenia,26628129987
2019-10,Slovenia,28611646437
2019-11,Slovenia,25728212217
2019-01,South Africa,29231544664
2019-02,South Africa,27380080262
2019-03,South Africa,27871539201
2019-05,South Africa,30511202704
2019-06,South Africa,28455821813
2019-07,South Africa,32999914616
2019-08,South Africa,30423292871
2019-09,South Africa,28501934271
2019-01,Spain,7.08585E+11
2019-02,Spain,1.15455E+11
2019-03,Spain,1.34511E+11
2019-05,Spain,1.30698E+11
2019-06,Spain,1.24875E+11
2019-07,Spain,1.26788E+11
2019-08,Spain,1.02653E+11
2019-09,Spain,7.37644E+11
2019-10,Spain,1.32137E+11
2019-11,Spain,7.15E+11
2020-01,Spain,9.08931E+11
2020-02,Spain,8.86273E+11
2019-01,Sweden,55573303151
2019-02,Sweden,50810882883
2019-03,Sweden,55002987905
2019-05,Sweden,54369208849
2019-06,Sweden,51271771324
2019-07,Sweden,49507434868
2019-08,Sweden,24736938330
2019-09,Sweden,26086629004
2019-10,Sweden,28829142173
2019-11,Sweden,26812722148
2019-12,Sweden,25340816472
2020-01,Sweden,52591762226
2020-02,Sweden,49919257309
2019-01,Switzerland,86371123652
2019-02,Switzerland,85113112900
2019-03,Switzerland,87258091650
2019-05,Switzerland,94292254484
2019-06,Switzerland,96835849079
2019-07,Switzerland,1.06853E+11
2019-08,Switzerland,92450346777
2019-09,Switzerland,96144512355
2019-10,Switzerland,1.00229E+11
2019-11,Switzerland,89743921356
2019-12,Switzerland,81488406935
2020-01,Switzerland,1.99583E+11
2020-02,Switzerland,1.79024E+11
2020-03,Switzerland,2.09101E+11
2019-01,Thailand,1.30023E+11
2019-02,Thailand,1.13153E+11
2019-01,Turkey,1.29319E+11
2019-02,Turkey,62912410324
2019-03,Turkey,1.46004E+11
2019-05,Turkey,1.48328E+11
2019-06,Turkey,1.20514E+11
2019-07,Turkey,1.53833E+11
2019-08,Turkey,1.2451E+11
2019-09,Turkey,1.35525E+11
2019-10,Turkey,1.45412E+11
2019-11,Turkey,1.45827E+11
2019-12,Turkey,1.60439E+11
2020-01,Turkey,2.12442E+11
2020-02,Turkey,1.99602E+11
2020-03,Turkey,2.04196E+11
2019-01,Uganda,1198908961
2019-02,Uganda,1155730989
2019-03,Uganda,1777996356
2019-02,Ukraine,17127525878
2019-03,Ukraine,18532140994
2019-07,Ukraine,19474361823
2019-08,Ukraine,18918929634
2019-09,Ukraine,18659569648
2019-10,Ukraine,20770101238
2019-11,Ukraine,19086145324
2020-01,Ukraine,8175199013
2020-02,Ukraine,16956209070
2019-01,United Kingdom,6.25065E+11
2019-02,United Kingdom,6.07887E+11
2019-03,United Kingdom,6.89006E+11
2019-04,United Kingdom,3.61391E+11
2019-05,United Kingdom,2.092E+11
2019-06,United Kingdom,5.59036E+11
2019-08,United Kingdom,5.95668E+11
2019-09,United Kingdom,6.58906E+11
2019-10,United Kingdom,7.12865E+11
2019-11,United Kingdom,6.01785E+11
2019-12,United Kingdom,5.5725E+11
2019-01,Uruguay,2953073454
2019-02,USA,3.01787E+11
2019-03,USA,3.39307E+11
2019-05,USA,3.47695E+11
2019-09,USA,3.46964E+11
2019-10,USA,3.67339E+11
2019-11,USA,3.4203E+11
2019-12,USA,3.43725E+11
2020-01,USA,4.59999E+11
2020-02,USA,4.47241E+11
2019-01,Uzbekistan,4491571686
2019-02,Uzbekistan,4213883496
2019-03,Uzbekistan,4320436366
2019-04,Uzbekistan,2682034127
2019-05,Uzbekistan,4503499276
2019-06,Uzbekistan,5119288830
2019-07,Uzbekistan,6510065920
2019-08,Uzbekistan,5431812362
2019-09,Uzbekistan,4586951520
2019-10,Uzbekistan,4378999253
2019-11,Uzbekistan,4977295898
2019-12,Uzbekistan,5920613157
2020-01,Uzbekistan,5063614994
2020-02,Uzbekistan,5104920110
2019-01,Zambia,1246585662
2019-02,Zambia,1224949118
2019-03,Zambia,1168746532
2019-05,Zambia,1241173112
2019-06,Zambia,1321798084
2019-07,Zambia,1192069906
2019-08,Zambia,1284527168
2019-09,Zambia,1148273242
2019-10,Zambia,1184457176
2019-11,Zambia,1249805160
2019-12,Zambia,1150629408
2020-01,Zambia,1980497358
2020-02,Zambia,2181415158
2019-01,Zimbabwe,2636326061
2019-02,Zimbabwe,3029007932
2019-03,Zimbabwe,2503081695
2019-04,Zimbabwe,1100795298
2019-05,Zimbabwe,3119166761
2019-06,Zimbabwe,2793594815
2019-07,Zimbabwe,2627363772
2019-08,Zimbabwe,2916765874
2019-09,Zimbabwe,3128856243
2019-10,Zimbabwe,3538883293
2019-11,Zimbabwe,3530823490
2019-12,Zimbabwe,3639196623
